City_ID,City,Country,Lat,Lng,Max Temp,Humidity,Cloudiness,Wind Speed,Current Description
0,Bambous Virieux,MU,-20.3428,57.7575,81.0,83,40,11.5,scattered clouds
1,Qaanaaq,GL,77.484,-69.3632,-1.44,76,0,5.7,clear sky
2,Hokitika,NZ,-42.7167,170.9667,54.79,73,99,15.9,overcast clouds
3,Butaritari,KI,3.0707,172.7902,80.28,76,45,19.08,scattered clouds
4,East London,ZA,-33.0153,27.9116,71.6,78,20,11.5,few clouds
5,Hobart,AU,-42.8794,147.3294,61.0,59,90,12.66,overcast clouds
6,Bluff,NZ,-46.6,168.3333,51.75,67,53,21.63,broken clouds
7,Ushuaia,AR,-54.8,-68.3,51.8,62,90,7.05,light rain
8,Tasiilaq,GL,65.6145,-37.6368,21.2,79,20,8.05,fog
9,Iqaluit,CA,63.7506,-68.5145,-13.0,64,20,4.61,few clouds
10,Awjilah,LY,29.1081,21.2869,53.42,68,14,9.08,few clouds
11,Carnarvon,AU,-24.8667,113.6333,82.4,89,35,6.91,scattered clouds
12,Hilo,US,19.7297,-155.09,69.8,83,90,5.75,overcast clouds
13,Bubaque,GW,11.2833,-15.8333,77.86,55,84,7.05,broken clouds
14,Mar Del Plata,AR,-38.0023,-57.5575,66.0,72,75,14.97,broken clouds
15,Port Elizabeth,ZA,-33.918,25.5701,69.8,73,75,8.05,broken clouds
16,Belyy Yar,RU,53.6039,91.3903,26.6,63,83,20.13,snow
17,Leningradskiy,RU,69.3833,178.4167,-23.82,85,62,5.91,broken clouds
18,Chokurdakh,RU,70.6333,147.9167,-25.11,86,100,7.43,overcast clouds
19,Begang,PH,6.6909,122.0168,75.96,91,100,6.22,moderate rain
20,Vaini,TO,-21.2,-175.2,78.8,94,40,4.61,light rain
21,Hualmay,PE,-11.0964,-77.6139,76.08,66,42,13.89,scattered clouds
22,Shwebo,MM,22.5667,95.7,63.54,66,14,3.91,few clouds
23,Ambon,ID,-3.6954,128.1814,84.0,83,100,1.99,light rain
24,Sorland,NO,67.667,12.6934,35.6,80,75,8.05,broken clouds
25,Ilulissat,GL,69.2167,-51.1,21.2,63,75,8.05,snow
26,Mareeba,AU,-17.0,145.4333,75.2,94,40,13.8,light rain
27,Puerto Ayora,EC,-0.7393,-90.3518,82.4,65,75,5.75,broken clouds
28,Punta Arenas,CL,-53.15,-70.9167,53.6,94,90,14.97,light rain
29,Tengushevo,RU,54.7686,42.7189,-7.73,90,100,3.94,overcast clouds
30,San Felipe,VE,10.3399,-68.7425,82.99,55,13,8.68,few clouds
31,Korla,CN,41.7597,86.1469,16.9,81,0,2.37,clear sky
32,Mataura,NZ,-46.1927,168.8643,42.71,92,66,4.03,broken clouds
33,Torbay,CA,47.6666,-52.7314,35.01,100,90,14.97,light rain
34,San Angelo,US,31.4638,-100.437,55.0,43,37,1.99,scattered clouds
35,Hermanus,ZA,-34.4187,19.2345,73.0,66,5,4.0,clear sky
36,Gayny,RU,60.3071,54.3241,-15.88,89,4,4.74,clear sky
37,Upernavik,GL,72.7868,-56.1549,6.8,79,2,4.38,clear sky
38,Tuktoyaktuk,CA,69.4541,-133.0374,-2.2,84,90,10.36,light snow
39,Kiama,AU,-34.6833,150.8667,64.99,77,75,4.61,broken clouds
40,Roald,NO,62.5833,6.1333,41.0,70,75,10.36,broken clouds
41,Salinas,US,36.6777,-121.6555,64.99,67,1,4.76,clear sky
42,Abu Zabad,SD,12.35,29.25,73.6,19,26,11.41,scattered clouds
43,Dayong,CN,25.0209,118.2898,46.4,61,0,8.95,clear sky
44,Rikitea,PF,-23.1203,-134.9692,78.44,77,14,14.94,few clouds
45,Kapaa,US,22.0752,-159.319,73.4,88,40,6.91,scattered clouds
46,Avarua,CK,-21.2078,-159.775,75.2,94,82,2.3,light rain
47,Pacific Grove,US,36.6177,-121.9166,64.0,55,1,11.18,clear sky
48,Provideniya,RU,64.3833,-173.3,-9.17,85,77,7.81,broken clouds
49,Frascati,IT,41.8163,12.6687,39.99,75,0,5.75,clear sky
50,Cape Town,ZA,-33.9258,18.4232,75.2,53,0,18.41,clear sky
51,Beloha,MG,-25.1667,45.05,79.23,78,47,3.58,scattered clouds
52,Georgetown,MY,5.4112,100.3354,80.6,65,20,10.36,few clouds
53,Tarakan,ID,3.3,117.6333,77.49,81,100,7.7,overcast clouds
54,Dikson,RU,73.5069,80.5464,-24.27,85,57,17.87,broken clouds
55,Waingapu,ID,-9.6567,120.2641,78.73,80,100,2.55,moderate rain
56,Nikolskoye,RU,59.7035,30.7861,19.4,93,90,4.47,snow
57,Baraboo,US,43.4711,-89.7443,28.99,86,90,5.75,overcast clouds
58,Zhigansk,RU,66.7697,123.3711,-41.03,80,100,6.71,overcast clouds
59,Bilma,NE,18.6853,12.9164,69.15,23,65,13.04,broken clouds
60,Abu Dhabi,AE,24.4667,54.3667,68.0,68,0,4.18,clear sky
61,San Pedro,PH,14.35,121.0167,78.8,73,75,4.61,moderate rain
62,Ustka,PL,54.5805,16.8619,20.28,93,13,7.14,few clouds
63,Bonthe,SL,7.5264,-12.505,81.86,69,0,10.96,clear sky
64,Atuona,PF,-9.8,-139.0333,78.15,76,2,15.3,clear sky
65,Irece,BR,-11.3042,-41.8558,88.32,32,92,11.45,overcast clouds
66,Sitka,US,57.0531,-135.33,42.8,81,90,9.22,light rain
67,Kodiak,US,57.79,-152.4072,37.4,75,1,14.97,clear sky
68,Yinchuan,CN,38.4681,106.2731,23.65,59,0,3.29,clear sky
69,Busselton,AU,-33.65,115.3333,66.0,65,68,8.01,broken clouds
70,Sabha,LY,27.0377,14.4283,49.69,47,0,7.81,clear sky
71,Bethel,US,41.3712,-73.414,41.0,48,90,12.66,overcast clouds
72,Cheremisinovo,RU,51.8855,37.2646,-7.6,77,0,2.39,clear sky
73,Jiquilisco,SV,13.3167,-88.5833,87.8,54,20,6.91,few clouds
74,Marzuq,YE,14.4,46.4667,63.57,55,52,2.42,broken clouds
75,Trelleborg,SE,55.3751,13.1569,30.99,100,90,2.3,light snow
76,Dubbo,AU,-32.25,148.6167,57.2,67,95,3.44,overcast clouds
77,Ust-Ordynskiy,RU,52.805,104.7508,5.0,78,40,8.95,light snow
78,Albany,US,42.6001,-73.9662,37.99,67,94,14.07,overcast clouds
79,Te Anau,NZ,-45.4167,167.7167,44.24,83,80,5.48,broken clouds
80,Bengkulu,ID,-3.8004,102.2655,76.62,82,96,4.34,overcast clouds
81,Hithadhoo,MV,-0.6,73.0833,81.57,71,86,4.92,overcast clouds
82,Thompson,CA,55.7435,-97.8558,-14.8,76,75,4.61,broken clouds
83,Svetlyy,RU,54.675,20.1347,10.4,79,90,4.47,overcast clouds
84,Bambanglipuro,ID,-7.95,110.2833,76.66,83,99,4.85,overcast clouds
85,Dingle,PH,10.9995,122.6711,75.34,90,100,7.81,light rain
86,Mabaruma,GY,8.2,-59.7833,79.39,86,20,6.82,few clouds
87,Faanui,PF,-16.4833,-151.75,81.05,77,9,15.35,clear sky
88,Kaitangata,NZ,-46.2817,169.8464,50.0,66,71,5.99,broken clouds
89,Vila,PT,42.0304,-8.1588,52.0,67,13,10.0,few clouds
90,Lagoa,PT,39.05,-27.9833,61.79,89,100,32.75,light rain
91,Barrow,US,71.2906,-156.7887,-0.4,71,90,16.11,overcast clouds
92,Tiksi,RU,71.6872,128.8694,-19.14,88,100,8.28,overcast clouds
93,Lebu,CL,-37.6167,-73.65,61.88,68,0,21.41,clear sky
94,Jamestown,US,42.097,-79.2353,35.01,93,90,9.22,mist
95,Ribeira Grande,PT,38.5167,-28.7,60.8,94,75,23.02,light rain
96,Volsk,RU,52.0333,47.3833,-4.99,89,58,2.06,broken clouds
97,Vila Velha,BR,-20.3297,-40.2925,88.0,58,20,17.27,few clouds
98,East Grinstead,GB,51.1238,-0.0061,42.01,75,0,5.75,clear sky
99,Maiduguri,NG,11.8464,13.1603,76.75,18,55,10.83,broken clouds
100,Dunedin,NZ,-45.8742,170.5036,53.01,79,94,14.72,overcast clouds
101,Sinnamary,GF,5.3833,-52.95,80.62,79,86,13.29,overcast clouds
102,Aklavik,CA,68.2191,-135.0107,-16.6,76,75,2.3,broken clouds
103,Amapa,BR,1.0,-52.0,82.78,81,26,2.46,scattered clouds
104,Lanigan,CA,51.8501,-105.0344,15.8,86,100,3.44,overcast clouds
105,Port Hedland,AU,-20.3167,118.5667,86.0,70,73,5.75,broken clouds
106,Nanortalik,GL,60.1432,-45.2371,29.89,96,100,3.18,overcast clouds
107,Maragogi,BR,-9.0122,-35.2225,82.26,67,1,13.31,clear sky
108,Dong Hoi,VN,17.4833,106.6,61.05,84,96,22.68,overcast clouds
109,Kirkwall,GB,58.9848,-2.9587,41.0,87,40,20.71,scattered clouds
110,Komsomolskiy,UZ,40.4272,71.7189,37.4,65,77,4.61,mist
111,Almoloya,MX,19.7,-98.4,62.6,59,40,4.83,scattered clouds
112,Noumea,NC,-22.2763,166.4572,80.01,100,0,2.3,clear sky
113,Berlevag,NO,70.8578,29.0864,37.4,93,75,21.85,broken clouds
114,Ratnagiri,IN,16.9833,73.3,77.61,71,0,7.63,clear sky
115,Calabar,NG,4.9517,8.322,81.27,73,51,7.87,broken clouds
116,Namie,JP,37.4833,141.0,27.0,87,22,4.05,few clouds
117,Hilton Head Island,US,32.2163,-80.7526,55.0,43,1,8.05,clear sky
118,Bredasdorp,ZA,-34.5322,20.0403,71.6,68,10,13.8,clear sky
119,Kaeo,NZ,-35.1,173.7833,60.01,94,9,3.0,clear sky
120,Beringovskiy,RU,63.05,179.3167,-11.47,88,88,9.17,overcast clouds
121,Nishihara,JP,26.1842,127.7558,59.0,54,75,13.8,broken clouds
122,Souillac,MU,-20.5167,57.5167,80.6,83,40,11.5,scattered clouds
123,Lake Charles,US,30.2131,-93.2044,66.2,27,1,9.22,clear sky
124,Kampong Cham,KH,11.9934,105.4635,70.38,59,17,12.97,few clouds
125,Lompoc,US,34.6391,-120.4579,68.0,47,0,8.05,clear sky
126,Kahului,US,20.8947,-156.47,71.6,83,40,6.91,scattered clouds
127,Mayya,RU,61.7333,130.2811,-52.6,58,100,4.23,fog
128,Cherskiy,RU,68.75,161.3,-27.85,84,100,2.37,overcast clouds
129,Sukhumi,GE,43.0033,41.0153,46.08,89,100,14.85,light rain
130,Severo-Kurilsk,RU,50.6789,156.125,22.3,90,94,37.58,overcast clouds
131,Antalaha,MG,-14.9003,50.2788,78.76,86,5,4.88,light rain
132,Quatre Cocos,MU,-20.2078,57.7625,81.0,83,40,11.5,scattered clouds
133,Touros,BR,-5.1989,-35.4608,86.0,62,40,20.71,scattered clouds
134,Bakchar,RU,57.0186,82.0711,13.57,94,100,11.79,overcast clouds
135,Khatanga,RU,71.9667,102.5,-24.3,81,0,13.09,clear sky
136,Mitsamiouli,KM,-11.3847,43.2844,81.88,76,3,8.3,clear sky
137,Iralaya,HN,15.0,-83.2333,80.94,79,100,9.75,overcast clouds
138,Taytay,PH,14.5678,121.1394,78.8,73,75,4.61,moderate rain
139,Mamallapuram,IN,12.6264,80.1722,77.0,73,40,2.3,mist
140,Florianopolis,BR,-27.6146,-48.5012,89.6,62,20,11.5,few clouds
141,Matara,LK,5.9485,80.5353,76.69,87,81,3.22,broken clouds
142,Victoria,HK,22.2855,114.1577,57.0,50,51,11.79,broken clouds
143,Olafsvik,IS,64.8945,-23.7142,33.33,92,98,18.01,overcast clouds
144,Teya,RU,60.3778,92.6267,-6.38,88,100,3.98,overcast clouds
145,New Norfolk,AU,-42.7826,147.0587,61.0,75,100,7.0,overcast clouds
146,Flinders,AU,-34.5833,150.8552,62.6,77,75,4.61,broken clouds
147,Katsuura,JP,35.1333,140.3,39.99,65,0,8.05,clear sky
148,Cairns,AU,-16.9167,145.7667,75.2,94,40,13.8,light rain
149,Castro,BR,-24.7911,-50.0119,70.36,91,96,13.02,overcast clouds
150,Hami,CN,42.8,93.45,15.4,75,0,1.25,clear sky
151,Bathsheba,BB,13.2167,-59.5167,78.8,78,75,21.85,broken clouds
152,Ahipara,NZ,-35.1667,173.1667,64.08,85,16,12.03,few clouds
153,Port Macquarie,AU,-31.4333,152.9167,62.01,93,89,3.85,overcast clouds
154,Omsukchan,RU,62.5333,155.8,-35.57,80,100,7.47,overcast clouds
155,Hobyo,SO,5.3505,48.5268,76.87,75,0,15.43,clear sky
156,Lamu,KE,-2.2717,40.902,80.6,78,1,9.22,clear sky
157,Hasaki,JP,35.7333,140.8333,34.0,86,75,5.75,broken clouds
158,Klaksvik,FO,62.2266,-6.589,39.2,93,75,9.22,light rain
159,Luderitz,NA,-26.6481,15.1594,67.32,70,19,15.82,few clouds
160,College,US,64.8569,-147.8028,10.4,72,90,2.17,overcast clouds
161,Fernandez,AR,-27.9204,-63.8935,84.99,42,4,8.99,clear sky
162,Blenheim,NZ,-41.516,173.9528,61.0,65,2,10.07,clear sky
163,Chumikan,RU,54.7183,135.315,-20.9,77,90,8.23,overcast clouds
164,Kemijarvi,FI,66.7131,27.4306,11.34,95,77,4.68,broken clouds
165,Zykovo,RU,55.9519,93.1461,23.0,74,75,17.9,snow
166,Salalah,OM,17.0151,54.0924,73.4,49,0,4.61,clear sky
167,Rurrenabaque,BO,-14.4413,-67.5278,87.8,74,75,8.05,light rain
168,Obidos,BR,-1.9175,-55.5181,93.16,47,38,2.04,scattered clouds
169,Sokol,RU,59.4617,40.1206,-5.24,92,51,4.14,broken clouds
170,Posadas,AR,-27.3671,-55.8961,82.4,65,90,9.22,overcast clouds
171,Safaga,EG,26.7292,33.9365,68.0,21,0,9.22,clear sky
172,Mahebourg,MU,-20.4081,57.7,80.6,83,40,11.5,scattered clouds
173,Nikaia,GR,37.9667,23.65,37.99,48,0,5.19,clear sky
174,Medvezhyegorsk,RU,62.9167,34.4667,16.47,96,98,5.53,overcast clouds
175,Guiratinga,BR,-16.3494,-53.7583,74.48,88,88,7.23,moderate rain
176,Yellowknife,CA,62.456,-114.3525,-2.0,78,90,4.61,light snow
177,Esperance,AU,-33.8667,121.9,57.2,82,0,10.36,clear sky
178,Pandan,PH,14.0453,124.1694,78.82,83,88,12.77,overcast clouds
179,Buala,SB,-8.145,159.5921,80.76,82,71,7.94,light rain
180,Esil,KZ,51.9556,66.4042,10.22,94,66,11.23,broken clouds
181,Port Alfred,ZA,-33.5906,26.891,69.01,86,8,9.19,clear sky
182,Palmer,US,42.1584,-72.3287,41.0,52,75,12.66,broken clouds
183,Ihosy,MG,-22.4,46.1167,77.02,72,80,7.96,moderate rain
184,Hervey Bay,AU,-25.2986,152.8535,75.99,83,72,3.0,broken clouds
185,Bria,CF,6.5423,21.9863,81.52,21,3,2.82,clear sky
186,Itarema,BR,-2.9248,-39.9167,86.45,60,26,16.78,scattered clouds
187,Freeport,US,40.6576,-73.5832,44.01,45,20,18.41,few clouds
188,Henties Bay,NA,-22.116,14.2845,71.01,78,14,10.33,few clouds
189,Saint-Pierre,RE,-21.3393,55.4781,82.4,78,20,5.75,few clouds
190,Vao,NC,-22.6667,167.4833,76.6,85,100,12.01,overcast clouds
191,Cidreira,BR,-30.1811,-50.2056,80.38,84,98,7.47,moderate rain
192,Berdigestyakh,RU,62.0989,126.6992,-47.67,76,99,3.91,overcast clouds
193,Ketchikan,US,55.3422,-131.6461,44.6,100,90,4.61,overcast clouds
194,Padrauna,IN,26.9025,83.9819,57.27,66,0,3.38,clear sky
195,Kabinda,CD,-6.1333,24.4833,70.16,89,97,1.39,light rain
196,Arrecife,ES,28.963,-13.5477,64.4,77,20,9.22,few clouds
197,Ulladulla,AU,-35.35,150.4667,62.6,77,75,4.61,broken clouds
198,Aguimes,ES,27.9054,-15.4461,66.2,59,40,13.8,scattered clouds
199,Constitucion,CL,-35.3333,-72.4167,71.92,43,2,17.9,clear sky
200,Evensk,RU,61.95,159.2333,-4.81,79,73,17.47,broken clouds
201,Rosetta,EG,31.4044,30.4164,55.4,88,40,11.5,scattered clouds
202,Saskylakh,RU,71.9167,114.0833,-28.64,84,66,5.99,broken clouds
203,Sao Filipe,CV,14.8961,-24.4956,74.8,65,0,9.84,clear sky
204,Arica,CL,-18.475,-70.3042,77.0,50,0,14.97,clear sky
205,Mandalgovi,MN,45.7625,106.2708,7.25,83,0,5.17,clear sky
206,Shimoda,JP,34.6667,138.95,36.0,80,34,1.01,scattered clouds
207,Vitim,RU,59.4511,112.5578,-41.98,74,0,1.34,clear sky
208,Sorong,ID,-0.8833,131.25,77.29,88,99,4.7,moderate rain
209,Bira,RU,49.0,132.4667,-6.18,90,100,1.88,overcast clouds
210,Palauig,PH,15.435,119.9045,78.35,67,71,4.72,broken clouds
211,Monchegorsk,RU,67.9397,32.8739,24.01,95,100,2.86,overcast clouds
212,Nadym,RU,65.5333,72.5167,-12.33,89,100,14.7,light snow
213,Lavrentiya,RU,65.5833,-171.0,-9.76,83,97,10.98,overcast clouds
214,Codrington,AU,-38.2667,141.9667,58.96,79,100,10.54,overcast clouds
215,Hirara,JP,24.8,125.2833,59.34,74,89,25.66,overcast clouds
216,Longyearbyen,SJ,78.2186,15.6401,23.0,74,75,33.38,broken clouds
217,Airai,TL,-8.9266,125.4092,61.0,100,100,1.12,light rain
218,Nelson Bay,AU,-32.7167,152.15,64.4,88,91,5.59,overcast clouds
219,Xichang,CN,27.8964,102.2634,34.54,85,89,0.96,overcast clouds
220,Waipawa,NZ,-41.4122,175.5153,62.6,59,5,23.02,clear sky
221,Tautira,PF,-17.7333,-149.15,82.4,69,75,3.44,broken clouds
222,Seydi,TM,39.4816,62.9137,47.59,52,96,8.95,overcast clouds
223,Indramayu,ID,-6.3264,108.32,80.28,82,95,13.67,moderate rain
224,Kavaratti,IN,10.5669,72.642,82.44,73,5,4.52,clear sky
225,Laguna,US,38.421,-121.4238,55.0,93,1,3.02,mist
226,Port Blair,IN,11.6667,92.75,79.36,79,59,16.13,broken clouds
227,Forestville,US,38.8451,-76.875,46.99,49,75,9.22,broken clouds
228,Cumpas,MX,29.9833,-109.7833,70.3,21,0,1.88,clear sky
229,Turbat,PK,26.0023,63.044,60.78,60,0,2.04,clear sky
230,Biograd Na Moru,HR,43.9433,15.4519,37.0,74,40,5.75,scattered clouds
231,Roebourne,AU,-20.7833,117.1333,90.39,48,81,9.06,broken clouds
232,Omboue,GA,-1.5746,9.2618,78.46,86,98,8.01,light rain
233,Rioja,AR,-29.4111,-66.8507,83.5,20,0,6.6,clear sky
234,Korgen,NO,66.0771,13.8153,12.99,85,0,2.3,clear sky
235,Zhangye,CN,38.9342,100.4517,20.41,71,0,5.06,clear sky
236,Huarmey,PE,-10.0681,-78.1522,76.39,66,24,13.18,few clouds
237,Chuy,UY,-33.6971,-53.4616,74.62,62,82,10.69,broken clouds
238,Goderich,CA,43.7501,-81.7165,33.8,86,100,9.22,light snow
239,Clyde River,CA,70.4692,-68.5914,6.8,92,90,26.46,snow
240,Boyolangu,ID,-8.1181,111.8935,75.51,86,100,3.83,overcast clouds
241,Mansa,IN,29.9833,75.3833,48.85,57,0,7.18,clear sky
242,Moju,BR,-1.8839,-48.7689,86.0,70,75,8.05,light rain
243,Hohhot,CN,40.8106,111.6522,3.2,66,0,6.71,clear sky
244,Sept-Iles,CA,50.2001,-66.3821,30.99,93,100,10.36,snow
245,Soure,BR,-0.7167,-48.5233,83.84,72,41,11.5,light rain
246,Villahermosa,MX,17.9833,-92.9167,71.6,83,90,8.05,overcast clouds
247,Cayenne,GF,4.9333,-52.3333,86.0,66,75,13.8,broken clouds
248,Burnie,AU,-41.0667,145.9167,58.35,84,92,13.49,overcast clouds
249,Martapura,ID,-3.4167,114.85,73.4,100,75,2.3,light rain
250,Nizhniy Kuranakh,RU,58.8353,125.4869,-46.37,73,31,1.99,scattered clouds
251,Necochea,AR,-38.5473,-58.7368,66.0,76,84,25.97,broken clouds
252,Kapit,MY,2.0167,112.9333,71.17,94,100,0.16,light rain
253,Pringsewu,ID,-5.3582,104.9744,73.87,91,95,1.28,overcast clouds
254,Anadyr,RU,64.75,177.4833,-11.0,77,20,6.71,light snow
255,Quelimane,MZ,-17.8786,36.8883,81.73,84,98,5.66,light rain
256,Jasper,US,37.2001,-94.3502,42.01,60,75,13.8,broken clouds
257,Jiaojiang,CN,28.6803,121.4428,37.0,72,0,3.06,clear sky
258,Bukachacha,RU,52.9833,116.9167,-22.99,80,0,3.22,clear sky
259,Atagay,RU,55.1033,99.3875,11.05,94,100,5.91,overcast clouds
260,Prince Rupert,CA,54.3161,-130.3201,44.6,93,90,9.22,light rain
261,Vozhega,RU,60.4725,40.2213,-2.58,93,84,4.74,broken clouds
262,Talnakh,RU,69.4865,88.3972,-14.55,72,99,7.07,overcast clouds
263,Khuzhir,RU,53.1939,107.3397,3.06,91,100,9.93,overcast clouds
264,Arraial Do Cabo,BR,-22.9661,-42.0278,89.6,51,0,19.57,clear sky
265,Narsaq,GL,60.9167,-46.05,26.6,74,90,2.3,light snow
266,Pathein,MM,16.7833,94.7333,66.15,84,11,7.18,few clouds
267,Guerrero Negro,MX,27.9769,-114.0611,70.95,30,0,1.21,clear sky
268,Tagusao,PH,9.1924,117.8141,76.59,89,100,6.2,very heavy rain
269,Baneh,IR,35.9975,45.8853,35.89,87,89,9.55,light rain
270,Sao Joao Da Barra,BR,-21.6403,-41.0511,87.8,45,0,18.41,clear sky
271,Rio Grande,BR,-32.035,-52.0986,80.6,74,75,6.91,broken clouds
272,Gboko,NG,7.3179,8.9951,87.3,13,18,3.69,few clouds
273,Boa Vista,BR,2.8197,-60.6733,87.8,48,75,13.8,broken clouds
274,Kirovskiy,RU,45.0917,133.5136,-8.7,88,58,6.42,snow
275,Mbanza-Ngungu,CD,-5.25,14.8667,70.93,88,97,1.97,light rain
276,Bonanza,NI,14.0289,-84.591,83.93,54,100,4.92,overcast clouds
277,Kurilsk,RU,45.2333,147.8833,13.57,89,97,6.42,overcast clouds
278,Lokosovo,RU,61.1333,74.8167,-3.46,92,100,7.47,overcast clouds
279,Russell,US,32.3502,-85.1999,51.01,40,90,5.75,overcast clouds
280,Tuatapere,NZ,-46.1333,167.6833,45.77,79,50,7.25,scattered clouds
281,Ous,RU,60.9058,61.5186,-13.29,89,94,4.9,overcast clouds
282,Nhulunbuy,AU,-12.2333,136.7667,80.6,89,75,6.91,light rain
283,Wollongong,AU,-34.4333,150.8833,62.01,89,81,1.01,broken clouds
284,Hofn,IS,64.2539,-15.2082,39.2,60,75,20.71,light rain
285,Kloulklubed,PW,7.0419,134.2556,75.2,100,90,5.75,overcast clouds
286,Port Moresby,PG,-9.4431,147.1797,78.8,94,20,4.61,few clouds
287,Tutoia,BR,-2.7619,-42.2744,82.4,78,75,13.8,broken clouds
288,Viransehir,TR,37.2353,39.7631,45.19,95,100,10.89,light rain
289,Gondanglegi,ID,-7.7479,112.0132,74.86,90,100,3.53,light rain
290,Ozernovskiy,RU,51.5,156.5167,22.82,92,100,38.43,overcast clouds
291,Dickinson,US,29.4608,-95.0513,64.0,27,1,8.05,clear sky
292,Norman Wells,CA,65.282,-126.8329,-14.8,76,75,3.44,broken clouds
293,Irsha,RU,55.9269,94.7911,19.62,96,100,14.85,light snow
294,Antofagasta,CL,-23.65,-70.4,73.99,64,20,13.8,few clouds
295,Kapoeta,SS,4.7717,33.5903,83.93,38,85,11.41,overcast clouds
296,Faribault,US,44.295,-93.2688,21.99,93,1,3.44,clear sky
297,Severobaykalsk,RU,55.65,109.3167,-20.9,77,60,4.0,broken clouds
298,Yuci,CN,37.6803,112.7319,26.6,26,0,8.95,clear sky
299,Akyab,MM,20.15,92.9,65.39,70,0,4.12,clear sky
300,Pangody,RU,65.85,74.4859,-11.04,90,100,14.14,light snow
301,Zavyalovo,RU,54.5053,82.4484,17.6,86,90,15.66,overcast clouds
302,Namatanai,PG,-3.6667,152.4333,79.83,81,50,10.16,light rain
303,Villas,US,26.5504,-81.8687,63.0,63,90,4.61,overcast clouds
304,Kieta,PG,-6.2167,155.6333,79.68,81,71,5.66,light rain
305,Kostelec Na Hane,CZ,49.514,17.0582,16.0,83,90,0.6,overcast clouds
306,Staryy Nadym,RU,65.6118,72.6842,-12.23,89,100,14.38,light snow
307,Bettiah,IN,26.8,84.5,58.24,64,0,1.5,clear sky
308,Surt,LY,31.2089,16.5887,58.1,67,8,17.02,clear sky
309,Pangnirtung,CA,66.1451,-65.7125,-5.8,77,40,2.3,scattered clouds
310,Kirakira,SB,-10.4544,161.9205,80.78,82,68,8.05,broken clouds
311,Isetskoye,RU,56.4858,65.3226,7.59,92,96,14.58,overcast clouds
312,Ryotsu,JP,38.0833,138.4333,31.24,94,99,2.19,light snow
313,Dutlwe,BW,-23.9833,23.9,87.44,29,97,2.46,overcast clouds
314,Lasa,IT,46.6166,10.7002,32.0,74,90,8.05,overcast clouds
315,Redmond,US,47.674,-122.1215,46.99,82,94,2.42,overcast clouds
316,Lebyazhye,RU,55.2689,66.4947,6.6,90,83,16.24,broken clouds
317,Saint-Philippe,RE,-21.3585,55.7679,82.4,78,20,5.75,few clouds
318,Acarau,BR,-2.8856,-40.12,87.12,59,37,17.02,scattered clouds
319,Cururupu,BR,-1.8283,-44.8683,88.29,57,38,7.34,scattered clouds
320,Pahrump,US,36.2083,-115.9839,57.0,24,1,14.97,clear sky
321,Erenhot,CN,43.6475,111.9767,2.77,88,0,9.04,clear sky
322,Santa Cruz,BO,-17.8,-63.1667,68.0,100,90,17.27,heavy intensity rain
323,Xuanzhou,CN,30.9525,118.7553,34.2,79,0,3.98,clear sky
324,Kavieng,PG,-2.5744,150.7967,83.16,74,83,17.49,broken clouds
325,Tura,IN,25.5198,90.2201,60.21,62,0,3.83,clear sky
326,Herat,AF,34.5,62.0,51.8,19,0,6.91,clear sky
327,Harper,LR,4.375,-7.7169,80.89,77,8,6.06,clear sky
328,Grand Gaube,MU,-20.0064,57.6608,81.0,79,91,10.0,overcast clouds
329,Santa Rosa,PH,14.3122,121.1114,78.8,73,75,4.61,moderate rain
330,Disraeli,CA,45.9001,-71.3491,30.0,88,100,8.99,light snow
331,Skerries,IE,53.5828,-6.1083,44.01,81,75,8.05,moderate rain
332,Husavik,IS,66.0449,-17.3389,32.0,93,90,3.44,snow
333,Pevek,RU,69.7008,170.3133,-28.39,86,7,2.57,clear sky
334,Kota Kinabalu,MY,5.9749,116.0724,71.6,94,40,6.91,light rain
335,Osorio,BR,-29.8867,-50.2697,81.0,86,94,4.18,overcast clouds
336,Praia,CV,14.9215,-23.5087,78.8,53,1,19.57,clear sky
337,Prainha,BR,-1.8,-53.48,92.39,42,47,2.1,scattered clouds
338,Sar-E Pul,AF,35.8333,66.1667,41.14,54,66,14.56,broken clouds
339,Geraldton,AU,-28.7667,114.6,84.2,48,89,5.75,overcast clouds
340,Itoman,JP,26.1247,127.6694,59.0,63,40,16.11,scattered clouds
341,Weyburn,CA,49.6668,-103.8511,17.6,86,99,4.61,overcast clouds
342,Thunder Bay,CA,48.4001,-89.3168,21.0,67,20,4.61,few clouds
343,Conceicao Do Araguaia,BR,-8.2578,-49.2647,90.01,56,54,2.21,broken clouds
344,Soe,ID,-9.8607,124.284,66.81,98,100,2.93,overcast clouds
345,Camopi,GF,3.1655,-52.3158,73.06,98,100,1.39,heavy intensity rain
346,Kruisfontein,ZA,-34.0033,24.7314,70.0,77,52,4.0,broken clouds
347,Springbok,ZA,-29.6643,17.8865,71.42,47,0,7.07,clear sky
348,Gunjur,GM,13.2019,-16.7339,82.4,32,83,11.5,broken clouds
349,Shetpe,KZ,44.1667,52.1167,37.22,79,0,11.39,clear sky
350,Pisco,PE,-13.7,-76.2167,77.0,61,0,11.5,clear sky
351,Plettenberg Bay,ZA,-34.0527,23.3716,66.58,86,15,9.91,few clouds
352,Raudeberg,NO,61.9875,5.1352,37.4,87,75,21.85,broken clouds
353,Vilyuysk,RU,63.7553,121.6247,-37.62,82,100,3.76,overcast clouds
354,Maltahohe,NA,-24.8333,16.9833,84.42,20,1,10.56,clear sky
355,Belmonte,BR,-15.8631,-38.8828,86.0,66,20,6.91,few clouds
356,Taoudenni,ML,22.6783,-3.9836,65.55,23,0,13.09,clear sky
357,Faya,SA,18.3851,42.4509,59.0,88,0,4.61,clear sky
358,Kuminskiy,RU,58.6667,66.5667,-0.71,92,99,7.54,light snow
359,Lovozero,RU,68.005,35.0117,24.98,97,100,7.63,light snow
360,Krutaya Gorka,RU,55.3649,73.2231,17.6,86,75,20.13,snow
361,Boquira,BR,-12.8231,-42.7306,90.66,30,12,6.6,few clouds
362,Ciudad Bolivar,VE,8.1222,-63.5497,90.09,45,70,9.57,broken clouds
363,Ereymentau,KZ,51.6199,73.1033,18.1,94,27,20.0,scattered clouds
364,Andros Town,BS,24.7,-77.7667,70.75,52,100,3.09,overcast clouds
365,Moose Factory,CA,51.2585,-80.6094,14.0,67,1,14.97,clear sky
366,Port Lincoln,AU,-34.7333,135.8667,58.68,79,67,11.88,broken clouds
367,Nome,US,64.5011,-165.4064,6.8,72,1,9.22,clear sky
368,Srednekolymsk,RU,67.45,153.6833,-39.77,81,94,2.71,overcast clouds
369,San Patricio,US,28.017,-97.5169,69.8,46,1,9.22,clear sky
370,Pietarsaari,FI,63.65,22.6833,28.0,93,75,5.75,broken clouds
371,Margate,GB,51.3813,1.3862,42.01,80,69,1.99,broken clouds
372,Cascais,PT,38.6979,-9.4215,57.99,62,0,2.3,clear sky
373,Lev Tolstoy,RU,53.2134,39.446,-8.36,91,81,3.94,broken clouds
374,Najran,SA,17.4924,44.1277,69.8,28,0,4.61,clear sky
375,Maldonado,UY,-34.6667,-54.9167,75.0,64,75,25.32,broken clouds
376,Caravelas,BR,-17.7125,-39.2481,83.05,60,49,9.91,scattered clouds
377,Gizo,SB,-8.103,156.8419,83.39,76,56,10.27,broken clouds
378,Porto Belo,BR,-27.1578,-48.5531,86.0,74,20,14.97,few clouds
379,Celestun,MX,20.8667,-90.4,71.22,55,83,7.72,broken clouds
380,Guaruja,BR,-23.9931,-46.2564,91.4,58,40,8.05,scattered clouds
381,Rawson,AR,-43.3002,-65.1023,67.62,50,0,12.88,clear sky
382,Staraya Poltavka,RU,50.4772,46.4814,2.35,92,97,7.18,snow
383,Paamiut,GL,61.994,-49.6678,28.29,97,100,10.98,overcast clouds
384,Boromo,BF,11.75,-2.9333,86.36,12,92,5.66,overcast clouds
385,Erzin,TR,36.9559,36.2,59.0,65,70,21.0,broken clouds
386,Sergeyevka,KZ,53.88,67.4158,11.55,93,100,16.93,overcast clouds
387,Coro,VE,11.4045,-69.6734,83.03,64,17,16.82,few clouds
388,Miyako,JP,39.6367,141.9525,25.11,87,0,5.23,clear sky
389,Karpogory,RU,64.0019,44.4451,4.68,95,100,3.09,light snow
390,Ponta Do Sol,PT,32.6667,-17.1,60.8,63,75,10.36,broken clouds
391,Villa Carlos Paz,AR,-31.4241,-64.4978,82.99,37,0,1.01,clear sky
392,Lac-Megantic,CA,45.5834,-70.8823,30.0,90,100,8.99,light snow
393,Kailua,US,21.4022,-157.7394,71.6,83,20,4.61,few clouds
394,Ancud,CL,-41.8697,-73.8203,64.4,63,0,5.75,clear sky
395,Saint George,US,37.1041,-113.5841,39.2,45,1,1.19,clear sky
396,Isangel,VU,-19.55,169.2667,79.52,83,99,5.14,overcast clouds
397,Northam,GB,51.0333,-4.2167,46.0,82,97,3.0,overcast clouds
398,Fairbanks,US,64.8378,-147.7164,10.4,85,75,1.9,broken clouds
399,Lazaro Cardenas,MX,17.9583,-102.2,83.3,63,49,5.23,scattered clouds
400,Nemuro,JP,43.3236,145.575,22.39,94,98,10.76,overcast clouds
401,San Lorenzo,PY,-25.3333,-57.5333,77.0,94,90,12.66,moderate rain
402,General Roca,AR,-39.0333,-67.5833,84.2,24,0,8.05,clear sky
403,Borujerd,IR,33.8973,48.7516,38.05,78,57,4.99,broken clouds
404,Ishim,RU,56.1128,69.4902,14.99,95,100,15.99,overcast clouds
405,Manaquiri,BR,-3.3167,-60.35,89.6,66,40,2.3,scattered clouds
406,Inirida,CO,3.8653,-67.9239,84.49,79,45,2.51,moderate rain
407,Jiexiu,CN,37.0244,111.9125,28.94,56,0,8.9,clear sky
408,Brandon,US,27.9378,-82.2859,60.8,59,40,4.54,scattered clouds
409,Rocha,UY,-34.4833,-54.3333,76.14,45,49,18.54,scattered clouds
410,Cap Malheureux,MU,-19.9842,57.6142,81.0,79,72,10.0,broken clouds
411,Ituporanga,BR,-27.4144,-49.6025,81.0,82,97,7.0,overcast clouds
412,Port Hawkesbury,CA,45.6169,-61.3485,43.0,75,75,17.27,broken clouds
413,Dukat,RU,62.55,155.55,-33.63,82,100,6.51,overcast clouds
414,Matay,EG,28.419,30.7792,54.48,47,70,9.17,broken clouds
415,Urengoy,RU,65.9667,78.3667,-7.69,90,100,16.06,overcast clouds
416,Punta Ocote,HN,15.2,-87.2833,68.0,83,75,4.61,broken clouds
417,Atasu,KZ,48.6814,71.6433,18.1,92,98,5.5,overcast clouds
418,Mackenzie,CA,55.2999,-123.1698,32.0,93,75,6.91,broken clouds
419,Starobaltachevo,RU,56.0013,55.9213,-3.46,92,100,7.83,overcast clouds
420,Kerema,PG,-7.9631,145.7785,79.7,81,95,3.58,overcast clouds
421,Vardo,NO,70.3705,31.1107,33.8,86,40,16.11,snow
422,Usinsk,RU,65.9939,57.5281,-24.36,86,37,8.79,scattered clouds
423,Kuchinarai,TH,16.541,104.05,60.08,61,79,16.37,broken clouds
424,Muros,ES,42.7762,-9.0603,57.0,86,68,1.01,broken clouds
425,Kamien Pomorski,PL,53.9685,14.7726,19.0,85,0,6.91,clear sky
426,Sobolevo,RU,54.4299,31.8996,-7.17,91,0,5.75,clear sky
427,Brae,GB,60.3964,-1.353,44.6,87,40,24.16,scattered clouds
428,Arman,RU,59.7,150.1667,-13.07,87,100,15.73,light snow
429,Ruteng,ID,-8.6136,120.4721,63.86,100,100,0.09,light rain
430,Ayna,PE,-12.65,-73.9167,62.6,67,90,2.3,light rain
431,Peniche,PT,39.3558,-9.3811,50.0,76,60,5.99,broken clouds
432,Breves,BR,-1.6822,-50.4803,88.27,61,30,1.36,scattered clouds
433,Bilibino,RU,68.0546,166.4372,-22.65,81,99,1.68,overcast clouds
434,Whitehaven,GB,54.549,-3.5841,41.0,94,100,3.0,overcast clouds
435,Raisinghnagar,IN,29.5358,73.4492,52.79,43,0,9.8,clear sky
436,Mudanjiang,CN,44.5833,129.6,-6.75,88,99,2.66,overcast clouds
437,Puerto Carreno,CO,6.189,-67.4859,92.53,44,5,14.99,clear sky
438,Qaqortoq,GL,60.7167,-46.0333,26.6,74,90,2.3,light snow
439,Curup,ID,-3.4667,102.5333,67.95,92,99,1.7,light rain
440,West Bay,KY,19.3667,-81.4167,81.0,78,75,8.05,broken clouds
441,Rio Grande City,US,26.3798,-98.8203,68.0,63,31,1.01,scattered clouds
442,Huntingdon,GB,52.3305,-0.1865,41.0,89,98,1.99,overcast clouds
443,Pimentel,PE,-6.8367,-79.9342,80.6,57,0,14.97,clear sky
444,Oktyabrskiy,RU,54.4815,53.471,-7.17,90,80,4.36,broken clouds
445,Linxia,CN,35.6003,103.2064,24.93,62,0,1.77,clear sky
446,San Carlos De Bariloche,AR,-41.1456,-71.3082,80.01,24,0,20.71,clear sky
447,Wanning,CN,18.8003,110.3967,59.18,70,63,13.6,broken clouds
448,Mozarlandia,BR,-14.7447,-50.5706,84.04,64,87,3.83,light rain
449,Olinda,BR,-8.0089,-34.8553,80.6,61,20,13.8,few clouds
450,Tomatlan,MX,19.9333,-105.25,87.66,28,21,6.58,few clouds
451,Poso,ID,-1.3959,120.7524,77.0,86,100,4.43,overcast clouds
452,Saldanha,ZA,-33.0117,17.9442,78.8,47,7,14.97,clear sky
453,Ushibuka,JP,32.1906,130.0228,40.55,68,53,10.25,broken clouds
454,Davila,PH,18.4726,120.5763,72.41,84,40,35.88,scattered clouds
455,Byumba,RW,-1.5763,30.0675,55.54,89,15,3.87,few clouds
456,Scottsbluff,US,41.8666,-103.6672,39.99,51,1,6.91,clear sky
457,Sigayevo,RU,56.4216,53.7757,-5.44,91,73,5.88,broken clouds
458,Auki,SB,-8.7676,160.7034,78.13,86,76,4.43,broken clouds
459,Maanshan,CN,31.6957,118.4983,36.0,86,0,4.47,clear sky
460,Mehamn,NO,71.0357,27.8492,37.4,81,75,18.41,broken clouds
461,Den Helder,NL,52.9599,4.7593,43.0,87,90,6.91,overcast clouds
462,Nouadhibou,MR,20.931,-17.0347,77.0,23,6,10.36,sand
463,Port-Cartier,CA,50.0334,-66.8654,30.99,93,100,10.36,snow
464,Christchurch,NZ,-43.5333,172.6333,57.0,87,20,11.5,few clouds
465,Dinguiraye,GN,11.3,-10.7167,85.37,13,81,4.32,broken clouds
466,Yar-Sale,RU,66.8333,70.8333,-12.69,89,100,15.61,light snow
467,Manchester,GB,53.4809,-2.2374,44.01,93,100,6.91,overcast clouds
468,Jaroslaw,PL,50.0162,22.6778,16.0,92,94,7.0,overcast clouds
469,Ukiah,US,39.1502,-123.2078,63.0,81,1,1.72,clear sky
470,Richards Bay,ZA,-28.783,32.0377,74.14,78,77,6.51,broken clouds
471,Karachev,RU,53.1229,34.9852,-2.61,93,94,5.44,overcast clouds
472,Toamasina,MG,-18.1667,49.3833,84.2,79,40,4.61,light rain
473,Yueyang,CN,29.3333,113.0919,39.04,59,0,6.93,clear sky
474,Pyapon,MM,16.2833,95.6833,67.33,79,13,2.86,few clouds
475,Mwingi,KE,-0.9344,38.0601,68.92,81,100,3.49,overcast clouds
476,Qujing,CN,25.4833,103.7833,28.29,97,98,1.68,overcast clouds
477,Trinidad,BO,-14.8333,-64.9,87.8,70,75,16.11,light rain
478,Sortland,NO,68.6949,15.4162,30.0,100,0,5.75,clear sky
479,Bullhead City,US,35.1478,-114.5683,66.0,20,20,20.71,few clouds
480,Monrovia,LR,6.3005,-10.7969,87.8,70,20,3.44,few clouds
481,Hambantota,LK,6.1241,81.1185,76.98,87,91,13.18,overcast clouds
482,Innisfail,AU,-17.5333,146.0333,77.25,91,100,6.33,light rain
483,Mogok,MM,22.9167,96.5,53.64,82,69,1.28,broken clouds
484,Arlit,NE,18.7369,7.3853,73.38,19,100,15.41,overcast clouds
485,Alofi,NU,-19.0595,-169.9187,80.29,82,89,13.13,overcast clouds
486,Gulu,UG,2.7746,32.299,76.39,31,49,2.82,scattered clouds
487,Ambilobe,MG,-13.2,49.05,76.32,91,21,1.14,moderate rain
488,Finspang,SE,58.7058,15.7674,28.4,86,90,2.3,overcast clouds
489,Kasongo-Lunda,CD,-6.4667,16.8167,74.25,75,100,1.07,overcast clouds
490,Abu Samrah,SY,35.3029,37.1841,49.68,82,100,20.27,overcast clouds
491,Stornoway,GB,58.2093,-6.3865,42.8,81,40,11.5,scattered clouds
492,Cabo San Lucas,MX,22.8909,-109.9124,78.01,40,1,2.3,clear sky
493,Grindavik,IS,63.8424,-22.4338,33.8,93,75,16.11,broken clouds
494,Petauke,ZM,-14.2426,31.3253,70.23,94,87,1.72,moderate rain
495,Andenes,NO,69.3143,16.1194,32.0,93,75,5.75,broken clouds
496,Manokwari,ID,-0.8667,134.0833,78.76,77,100,5.32,overcast clouds
497,Bongandanga,CD,1.5,21.05,74.79,82,72,1.39,broken clouds
498,Sharjah,AE,25.3573,55.4033,71.6,72,0,3.44,clear sky
499,Rafsanjan,IR,30.4067,55.9939,53.4,44,8,10.22,clear sky
500,Khiri Mat,TH,16.8333,99.8,80.01,69,85,6.53,overcast clouds
501,Bud,US,39.447,-86.1758,32.0,97,99,10.71,light snow
502,Ulaanbaatar,MN,47.9077,106.8832,-18.4,76,0,2.24,clear sky
503,Saint-Augustin,CA,51.226,-58.6502,33.8,92,100,25.68,light rain
504,Gwadar,PK,25.1216,62.3254,69.06,73,0,8.72,clear sky
505,Cervo,ES,43.6702,-7.4101,54.0,91,83,4.97,broken clouds
506,Nyurba,RU,63.2842,118.3319,-33.11,83,100,6.33,overcast clouds
507,San Vicente,AR,-26.6167,-54.1333,71.28,100,100,2.28,overcast clouds
508,Oum Hadjer,TD,13.2954,19.6966,76.68,16,17,9.08,few clouds
509,Mundo Nuevo,MX,18.7,-95.5,72.77,78,89,7.14,overcast clouds
510,Mana,GF,5.6592,-53.7767,81.3,76,78,11.81,broken clouds
511,Matagami,CA,49.7502,-77.6328,12.2,85,90,14.97,light snow
512,Jumla,NP,29.2747,82.1838,40.93,60,0,2.24,clear sky
513,At-Bashi,KG,41.1702,75.8106,17.33,58,12,2.01,few clouds
514,Poum,NC,-20.2333,164.0167,81.81,83,100,11.61,light rain
515,Chicama,PE,-7.8447,-79.1469,69.8,78,0,9.22,clear sky
516,Eyrarbakki,IS,63.863,-21.1481,33.8,86,75,13.8,light rain
517,Bulaevo,KZ,54.9056,70.4439,14.85,95,76,18.59,broken clouds
518,Kopavogur,IS,64.1123,-21.913,33.8,86,75,13.8,light snow
519,Sisimiut,GL,66.9395,-53.6735,18.23,92,100,25.03,light snow
520,Tres Passos,BR,-27.4556,-53.9319,81.0,77,99,4.0,overcast clouds
521,Yerofey Pavlovich,RU,53.9667,121.9667,-24.88,77,100,4.29,overcast clouds
522,Nuevo Ideal,MX,24.8875,-105.0728,58.91,30,0,3.09,clear sky
523,Atbasar,KZ,51.8,68.3333,13.98,95,81,12.39,broken clouds
524,Saint-Leu,RE,-21.15,55.2833,82.4,78,20,5.75,few clouds
525,Banjar,ID,-8.19,114.9675,78.8,89,75,8.05,moderate rain
526,San Cristobal,VE,7.7669,-72.225,84.2,61,40,8.05,scattered clouds
527,Rochegda,RU,62.8,43.25,4.32,94,98,5.1,light snow
528,Nuzvid,IN,16.7833,80.85,66.61,88,0,2.98,clear sky
529,Makakilo City,US,21.3469,-158.0858,69.8,88,90,3.2,moderate rain
530,Biak,ID,-0.9131,122.8766,76.03,86,100,6.11,light rain
531,Samarai,PG,-10.6167,150.6667,82.99,80,45,13.6,scattered clouds
532,San Vicente De Canete,PE,-13.0751,-76.3835,76.1,64,55,9.8,broken clouds
533,Sarka Ghat,IN,31.7,76.7333,44.98,63,0,1.92,clear sky
534,Kovdor,RU,67.5662,30.4758,16.11,97,93,3.78,overcast clouds
535,Svetlogorsk,BY,52.6333,29.7333,1.71,93,100,7.31,overcast clouds
536,Telemaco Borba,BR,-24.3239,-50.6156,68.4,97,100,4.92,light rain
537,Dwarka,IN,22.2394,68.9678,69.93,60,0,11.83,clear sky
538,Egvekinot,RU,66.3167,-179.1667,-14.42,86,100,12.44,overcast clouds
539,Woodward,US,36.4337,-99.3904,48.0,36,1,14.97,clear sky
540,Khilchipur,IN,24.0333,76.5667,69.28,53,14,8.68,few clouds
541,Vrangel,RU,42.7297,133.0839,12.61,82,23,4.05,few clouds
542,Port Hardy,CA,50.6996,-127.4199,44.6,93,40,6.58,scattered clouds
543,Resistencia,AR,-27.4606,-58.9839,80.01,44,0,17.27,light rain
544,Peleduy,RU,59.6289,112.7406,-42.83,74,7,0.96,clear sky
545,Lorengau,PG,-2.0226,147.2712,82.56,76,86,13.2,overcast clouds
546,Suez,EG,29.9737,32.5263,58.1,45,69,8.63,broken clouds
547,Acapulco,MX,16.8634,-99.8901,84.2,65,20,5.75,few clouds
548,Devin,BG,41.7433,24.4,30.0,59,90,2.3,overcast clouds
549,Umm Lajj,SA,25.0213,37.2685,69.98,48,47,9.01,scattered clouds
550,Coruripe,BR,-10.1256,-36.1756,83.26,61,3,13.85,clear sky
551,Beyneu,KZ,45.3167,55.2,35.2,85,95,13.51,overcast clouds
552,Cockburn Town,TC,21.4612,-71.1419,80.6,69,40,8.05,scattered clouds
553,Jaumave,MX,23.4167,-99.3833,66.2,48,1,11.5,clear sky
554,Doha,QA,25.2867,51.5333,69.8,68,0,5.75,clear sky
555,Kaura Namoda,NG,12.5898,6.5779,77.59,15,10,9.35,clear sky
556,Havoysund,NO,70.9963,24.6622,37.4,81,75,18.41,broken clouds
557,La Union,PE,-5.4,-80.75,89.13,41,73,10.54,broken clouds
558,Tahta,EG,26.7693,31.5021,62.6,31,0,6.91,clear sky
559,Azacualpa,HN,15.3433,-88.5514,75.2,78,75,4.61,broken clouds
560,Velizh,RU,55.6056,31.1967,-2.97,92,9,2.84,clear sky
561,Zernograd,RU,46.8452,40.3083,18.0,86,100,21.99,snow
562,Tongliao,CN,43.6125,122.2653,-4.14,84,45,12.48,scattered clouds
563,Nuuk,GL,64.1835,-51.7216,23.0,74,75,17.27,snow
564,Marawi,PH,7.9986,124.2928,75.99,91,100,5.01,overcast clouds
565,Sur,OM,22.5667,59.5289,67.62,66,0,5.32,clear sky
566,Junagarh,IN,19.8667,82.9333,60.62,36,0,1.1,clear sky
567,Lata,PT,40.1629,-8.3327,53.6,71,0,4.61,clear sky
568,Sayyan,YE,15.1718,44.3244,49.48,47,40,1.19,scattered clouds
569,Los Llanos De Aridane,ES,28.6585,-17.9182,66.2,63,75,8.05,broken clouds
570,Payo,ID,-3.7508,103.6372,73.22,95,100,2.8,overcast clouds
571,Popondetta,PG,-8.7537,148.2534,74.25,92,95,2.89,moderate rain
572,Nurota,UZ,40.5614,65.6886,42.8,56,99,11.5,overcast clouds
573,Kenora,CA,49.8167,-94.4337,15.8,86,90,4.61,light snow
574,Kushima,JP,31.4583,131.2333,30.0,80,3,5.01,clear sky
575,Ponta Delgada,PT,37.7333,-25.6667,62.01,88,75,18.41,broken clouds
576,Natal,BR,-5.795,-35.2094,86.0,58,40,19.57,scattered clouds
577,Haines Junction,CA,60.7522,-137.5108,17.6,86,80,2.3,broken clouds
578,Maraa,BR,-1.8333,-65.3667,85.93,73,13,4.94,few clouds
579,Mangrol,IN,21.1167,70.1167,68.68,66,0,6.35,clear sky
580,Ormara,PK,25.2088,64.6357,70.05,66,0,8.34,clear sky
581,Smithers,CA,54.7804,-127.1743,32.0,100,75,1.7,broken clouds
582,Asau,RO,46.4333,26.4,19.4,86,90,3.44,overcast clouds
583,Tandalti,SD,13.0167,31.8667,78.19,18,55,12.33,broken clouds
584,Vila Do Maio,CV,15.1333,-23.2167,78.8,53,9,19.57,clear sky
585,Batagay-Alyta,RU,67.8006,130.4114,-34.11,82,100,1.66,overcast clouds
586,Khandyga,RU,62.6667,135.6,-51.34,77,79,1.01,broken clouds
587,Gao,ML,16.6362,1.637,77.86,15,100,9.64,overcast clouds
588,Sacaseni,RO,47.4833,22.6833,24.8,86,90,4.61,light snow
589,Tocopilla,CL,-22.092,-70.1979,72.72,50,45,4.27,scattered clouds
590,Fortuna,US,40.5982,-124.1573,48.2,93,1,12.66,clear sky
591,Bundaberg,AU,-24.85,152.35,77.0,83,73,4.61,broken clouds
592,Biltine,TD,14.5333,20.9167,70.84,18,0,6.96,clear sky
593,Hannibal,US,39.7084,-91.3585,32.0,64,75,10.36,broken clouds
594,The Valley,AI,18.217,-63.0578,84.2,74,20,12.66,few clouds
595,Rapid Valley,US,44.0625,-103.1463,39.0,47,1,3.44,clear sky
596,Raga,SS,8.4596,25.678,76.14,19,30,5.01,scattered clouds
597,Braunfels,DE,50.5155,8.3892,33.01,94,100,2.84,overcast clouds
598,Petropavlovsk-Kamchatskiy,RU,53.0452,158.6483,17.6,86,90,4.47,snow
599,Saurimo,AO,-9.6608,20.3916,68.4,93,77,3.02,light rain
600,Viedma,AR,-40.8135,-62.9967,78.01,33,0,14.74,clear sky
601,Deer Lake,CA,49.1667,-57.4316,35.6,80,90,11.5,light rain
602,Gobabis,NA,-22.45,18.9667,78.87,33,56,9.33,broken clouds
603,Solna,SK,49.2231,18.7394,10.4,85,0,4.61,clear sky
604,Puerto Escondido,MX,15.85,-97.0667,80.6,74,40,3.44,scattered clouds
605,Salto,UY,-31.3833,-57.9667,77.0,47,75,23.02,broken clouds
606,Darhan,MN,49.4867,105.9228,-2.24,84,33,2.75,scattered clouds
607,Bonavista,CA,48.6499,-53.1147,34.0,100,100,6.91,overcast clouds
608,Qui Nhon,VN,13.7667,109.2333,70.12,78,83,25.19,light rain
609,Petropavl,KZ,54.8753,69.1628,13.6,95,92,18.3,overcast clouds
610,Maryville,US,35.7565,-83.9705,43.0,56,90,17.27,overcast clouds
611,Douentza,ML,14.9951,-2.9517,76.93,16,37,5.32,scattered clouds
612,Samarinda,ID,-0.5,117.15,72.95,94,99,1.3,overcast clouds
613,Ginir,ET,7.1333,40.7,60.84,35,70,3.85,broken clouds
614,Ambikapur,IN,23.1167,83.2,54.23,39,0,3.47,clear sky
615,Solnechnyy,RU,50.7214,136.6319,-12.37,88,100,0.98,overcast clouds
616,Rabo De Peixe,PT,37.8,-25.5833,62.01,88,75,18.41,broken clouds
617,Okato,NZ,-39.2,173.8833,54.0,83,68,8.99,broken clouds
618,Haian,CN,32.5436,120.45,36.0,65,0,8.16,clear sky
619,Bandarban,BD,22.1965,92.2262,56.55,73,0,1.88,clear sky
620,Jalu,LY,29.0331,21.5482,53.28,66,2,8.39,clear sky
621,Neuquen,AR,-38.9516,-68.0591,84.2,24,0,8.05,clear sky
622,Santa Maria,BR,-29.6842,-53.8069,85.77,51,86,14.32,overcast clouds
623,Hamilton,US,39.1834,-84.5333,36.0,87,90,8.05,light snow
624,Tapiramuta,BR,-11.8472,-40.7914,81.41,51,55,8.79,broken clouds
625,Okhotsk,RU,59.3833,143.3,-18.65,75,92,19.71,overcast clouds
626,Huanren,CN,41.2647,125.3667,5.77,92,81,1.36,broken clouds
627,Xuddur,SO,4.1213,43.8894,80.89,26,54,10.78,broken clouds
628,Xining,CN,36.6167,101.7667,16.11,60,0,2.77,clear sky
629,Thinadhoo,MV,0.5333,72.9333,82.6,67,93,2.48,overcast clouds
630,Baruun-Urt,MN,46.6806,113.2792,-15.07,89,31,6.55,scattered clouds
631,Jacareacanga,BR,-6.2222,-57.7528,81.79,89,86,4.29,light rain
632,Marovoay,MG,-16.1,46.6333,84.2,79,20,6.91,few clouds
633,Murchison,NZ,-41.8,172.3333,49.19,85,83,5.21,broken clouds
634,San Martin,AR,-33.081,-68.4681,78.8,21,0,9.22,clear sky
635,Carutapera,BR,-1.195,-46.02,86.41,61,26,9.55,scattered clouds
636,Santa Rita Do Sapucai,BR,-22.2522,-45.7033,75.81,83,98,5.48,overcast clouds
637,Hadejia,NG,12.4498,10.0444,76.41,17,14,8.46,few clouds
638,Stokmarknes,NO,68.5646,14.9108,28.4,100,0,5.75,clear sky
639,Sidi Ali,DZ,36.0998,0.4206,49.3,60,10,1.83,clear sky
640,Chkalovskoye,RU,44.8392,133.0436,-4.22,89,37,4.92,light snow
641,Sciacca,IT,37.5082,13.0881,51.01,94,85,11.99,overcast clouds
642,Urubicha,BO,-15.3833,-62.95,81.14,83,96,4.21,light rain
643,Menomonie,US,44.8755,-91.9193,28.99,86,90,6.91,overcast clouds
644,Havre-Saint-Pierre,CA,50.2334,-63.5986,28.4,93,90,24.16,snow
645,Bobrovytsya,UA,50.75,31.3833,7.0,77,75,2.24,broken clouds
646,Shu,KZ,43.5983,73.7614,24.15,91,43,1.77,scattered clouds
647,Bolshaya Glushitsa,RU,50.2406,43.5908,3.99,86,100,5.99,overcast clouds
648,Bologoye,RU,57.8799,34.1068,-0.06,93,27,4.05,scattered clouds
649,Orlik,RU,52.5178,99.825,3.18,86,89,2.53,overcast clouds
650,Port Shepstone,ZA,-30.7414,30.455,73.58,78,11,13.78,light rain
651,Arkadelphia,US,34.1209,-93.0538,50.0,32,1,11.5,clear sky
652,Liverpool,GB,53.4106,-2.9779,43.0,87,0,8.05,clear sky
653,Udimskiy,RU,61.1417,45.9144,-5.19,91,81,6.87,broken clouds
654,Gat,IL,31.61,34.7642,55.99,57,50,1.01,light rain
655,Gimli,CA,50.6336,-96.9907,10.4,72,96,13.8,overcast clouds
656,Umm Kaddadah,SD,13.6017,26.6876,70.92,19,29,14.67,scattered clouds
657,Puri,IN,19.8,85.85,68.0,88,0,4.99,mist
658,Opuwo,NA,-18.0607,13.84,74.86,47,94,13.94,overcast clouds
659,Nkoteng,CM,4.5167,12.0333,79.7,33,44,1.68,scattered clouds
660,Murgab,TM,37.4966,61.9714,50.0,76,75,6.91,broken clouds
661,Lipno,PL,52.8444,19.1785,4.75,92,28,1.14,scattered clouds
662,Isiolo,KE,0.3546,37.5822,70.47,67,71,4.72,broken clouds
663,Teguldet,RU,57.3064,88.1667,12.47,95,100,10.87,overcast clouds
664,Santa Maria Do Para,BR,-1.3503,-47.5756,84.76,75,57,5.01,light rain
665,Atar,MR,20.5169,-13.0499,75.11,15,100,14.74,overcast clouds
666,Dubovskoye,RU,47.4092,42.7575,19.74,94,100,14.2,light snow
667,Ostrovnoy,RU,68.0531,39.5131,17.19,95,100,8.9,overcast clouds
668,Bontang,ID,0.1333,117.5,76.14,87,99,4.5,overcast clouds
669,Qom,IR,34.6401,50.8764,49.68,50,2,9.26,clear sky
670,Washington,US,47.5001,-120.5015,44.01,93,1,0.87,clear sky
671,Ixtapa,MX,20.7,-105.2,71.6,56,20,3.91,few clouds
672,Mangan,IN,27.5167,88.5333,56.08,38,3,3.38,clear sky
673,Hutchinson,US,38.0608,-97.9298,44.6,39,1,21.85,clear sky
674,Gemena,CD,3.25,19.7667,71.92,87,72,3.2,broken clouds
